Name	title	coding
t2_7rpw1bnj	Winter 2022 Schedule Advice	c
t2_5eavg2v9	Wheelchair	o
t2_83bkqk5p	Looking at applying for MFA (photography focused)	c
t2_3r4x2yey	Can we Petition Removal Of A Prof From A Teaching Position?	c
t2_aplf8cu0	Chem 203	c
t2_9n5ypjt6	Question about sociology major requirements	c
t2_38fz4h77	AERO 482 What is going on......	c
t2_66rejdfq	"How Prof Aimaan Hanna knows everyone name by face, even though all new students never met him ?"	c
t2_fv9se7pb	Dorms in December	r
t2_a2qnbvre	Math 204 Advice ?	c
t2_cic9cnx6	SOS Tutoring	c
t2_a16r4rk8	Freshman Questions	o
t2_6dqqu7zu	Teamwork with 10 teammates	c
t2_7obm6jum	Gown	o
t2_7obm6jum	Graduation photo	o
t2_l0r50	How are these classes(COMP445/474)?	c
t2_978m1olc	Anyone down to practice leetcode and tech interview questions?	o
t2_4dez10cc	Does the FG building connect to the John Molson building?	o
t2_1u0rdeep	Anyone down to play online games this weekend?	o
t2_548xcibj	What's it like to live in residence (Grey Nuns)?	r
t2_1moqxo	"MATH 204, MATH 205 delivery question"	c
t2_548xcibj	"When looking at housing prices on the Concordia website, are the prices in CAD or USD?"	r
t2_ns7t08	Biol 354 - discord	c
t2_fy1bm7rw	Concordia Lizard Lounge (Win gift cards)	o
t2_cvuudkdv	Concordia or uwindsor	o
t2_ak2z1ki9	I’m an industrial engineer working in an automation / robots company . The work environment is dominated by mechanical/electrical/mechatronics engineers and the only way to grow within the company it’s learning technical (robotics - mechanical) skill . Any relevant masters degree recommended ?	o
t2_cawhpcn5	Winter 2022 Schedule Advice	c
t2_g33h81cy	COMM 220 Midterm 1	c
t2_uc2gvna	DISC classes - As an international student	c
t2_5mnw95it	How is Nicolas Lepage-Saucier as a teacher?	o
t2_dlt74s2j	Coffee shops to study!	o
t2_fd130qef	COMM 205	c
t2_ljdhlf	Quitting Coop midway through	o
t2_amgt2gj3	Any international students ever received Gardasil 9?	o
t2_8zwdzgry	COMP 335 in Summer	c
t2_fd130qef	Comm 215	c
t2_6d6po8wd	Survey for our Statistics Class! :)	c
t2_100r2v	SOS tutoring for Math 209	c
t2_g7cc71v7	Comm 210 help	c
t2_2efkt74z	FINA Electives to be taken in which order?	c
t2_cxopu33i	Permanent code international student.	o
t2_g346dwmb	Pre requisite courses to transfer to John Molson	c
t2_5h7z67hl	Got destroyed by Math 204 Midterm	c
t2_36d502lt	Soccer Tournament	o
t2_6mfuawoa	Im in Software Engineering and I have two options next semester. Either to take the ENGR 233 with Chantal David but take the SOEN 228 with Donald Peter Davies. OR take ENGR 233 with Alexei Kokotov but take SOEN 228 with Hakim Mella . Which option should I go for?	c
t2_g5f4to0e	SOS TUTORING	c
t2_548xcibj	Just submitted my application for fall 2022!!!	o
t2_fxha9drs	Housing Accomodation	r
t2_90zdbcix	Discord link for SOEN	o
t2_734zwmhw	Conditional Offer of Admission	o