Name	title	coding
t2_5xm3730m	Math 556 midterm: thoughts ?	
t2_2cbpuaei	My Thoughts EVERYDAY as a Last-Year Student (who needs to apply for grad school/jobs)	
t2_qvuhwqr	Forced to take CHEM120	
t2_8zprjo0g	There’s a lot of apparent sadness on this page. Anyone been happy as hell lately (or pretty happy at least)?	
t2_1rwc9j2	Do I need to retake a course I get a J in if it’s just an elective?	
t2_ekvq9i2w	Unwell Woman in Burnside ground staircase	
t2_cfqgbgr7	Transferring to neuroscience	
t2_15ylyb	caged squirrel in leacock I'd like to know if it's ok	
t2_1ykzxig8	Can you talk in the Redpath floor 2 pods?	
t2_4ifcdt8z	Nail places downtown??	
t2_952502mz	Failing	
t2_ij8q03t	Will BIOL 112 be in person?	
t2_v8k95ld	Where to find McGill apparel for cheap or discounted prices?	
t2_8qypl8t3	MGCR 211 midterm exam	
t2_axux86px	What's your comfort space on campus?	
t2_8d2j9dhf	Question about PHGY212 Final	
t2_4p4fi	If you have a dog in the Plateau beware of 2 women with a large poodle(?)	
t2_5cmadikm	Flex-Spaces - Fall 2021 - Recommendation	
t2_fs3eat17	Study spots in 2001 av McGill College	
t2_6l4z3	REAL TALK FRIDAY	
t2_4w50cf06	Anyone been to Gerts bar recently?	
t2_a685kz	Courses with 200 or &gt; delivered remotely. Winter 2022	
t2_6a09gs6s	Will MATH324 be offered this summer?	
t2_47yq0kys	Need recommendations for interview tips	
t2_ebfovjdz	Are there paid focus groups or other temporary jobs nearby?	
	Is there a club for conservative students?	
t2_8kygg5sh	UPDATE: KEYS FOUND!!!	
t2_g5xl2ou6	Struggling first year	
t2_319u8bkz	Weird Feeling Coming Back	
t2_amq3nw9e	How do you sign up for a research project?	
t2_10l2of	Ontario student. Can I pick up a prescription here?	
t2_87k8umof	Is 3.7 GPA good for a Psychology major?	
t2_7at8k2ve	McLennan Toi Moi &amp; Café is so bad I need a refund	
t2_1qqwmfpv	Are flex spaces open on weekends?	
t2_dmdfv5vb	Final exams and webwork	
t2_1awwtqsn	Hot water on campus?	
t2_apzt4iza	Principles of Toxicology! Help!	
t2_7rss1gsi	Geog216 midterm two	
t2_c43blzt9	good, cheap plant stores!	
t2_5g19fybk	It’s so awkward being poor	
t2_71w8ij0l	Skateboarders of MCGILL...where you at???	
t2_32dwa63w	Here's a nice secret study spot - can anyone guess where it is?	
t2_g6pvu1j1	Is this academic fraud or is it okay?	
t2_apzt4iza	Petition for Thomson House Menu change!	
t2_41kpce1g	How to study for ANAT 261	
t2_5lwvqiy9	Winter 2022 Exchange Reinstatement: Australia	
t2_8kygg5sh	LOST MY KEYS NEAR MCGILL details in comments please return if found it is a very sentimental item.	
t2_2exuhd88	Pottery stations in montreal	
t2_cnjygixt	Watching UFC Events Near Campus	
	How do conference participation grades work?	
